month,customers,visits,demand_visits,revenue,cogs,labour,fixed_costs,marketing,profit,cash,churn_rate,new_customers,service_quality,awareness
1,900.0,7900.0,7900.0,51350.0,15405.0,15000.0,15000.0,400.0,5545.0,30545.0,0.05,45.0,1.0,0.3
2,900.0,7900.0,7900.0,51350.0,15405.0,15000.0,15000.0,400.0,5545.0,36090.0,0.05,45.0,1.0,0.3
3,900.0,7900.0,7900.0,51350.0,15405.0,15000.0,15000.0,400.0,5545.0,41635.0,0.05,45.0,1.0,0.3
4,900.0,7900.0,7900.0,51350.0,15405.0,15000.0,15000.0,400.0,5545.0,47180.0,0.05,45.0,1.0,0.3
5,900.0,7900.0,7900.0,51350.0,15405.0,15000.0,15000.0,400.0,5545.0,52725.0,0.05,45.0,1.0,0.3
6,900.0,7900.0,7900.0,51350.0,15405.0,15000.0,15000.0,400.0,5545.0,58270.0,0.05,45.0,1.0,0.3
7,900.0,7900.0,7900.0,51350.0,15405.0,15000.0,15000.0,400.0,5545.0,63815.0,0.05,45.0,1.0,0.3
8,900.0,7900.0,7900.0,51350.0,15405.0,15000.0,15000.0,400.0,5545.0,69360.0,0.05,45.0,1.0,0.3
9,900.0,7900.0,7900.0,51350.0,15405.0,15000.0,15000.0,400.0,5545.0,74905.0,0.05,45.0,1.0,0.3
10,900.0,7900.0,7900.0,51350.0,15405.0,15000.0,15000.0,400.0,5545.0,80450.0,0.05,45.0,1.0,0.3
11,900.0,7900.0,7900.0,51350.0,15405.0,15000.0,15000.0,400.0,5545.0,85995.0,0.05,45.0,1.0,0.3
12,900.0,7900.0,7900.0,51350.0,15405.0,15000.0,15000.0,400.0,5545.0,91540.0,0.05,45.0,1.0,0.3
13,900.0,7900.0,7900.0,51350.0,15405.0,15000.0,15000.0,400.0,5545.0,97085.0,0.05,45.0,1.0,0.3
14,900.0,7900.0,7900.0,51350.0,15405.0,15000.0,15000.0,400.0,5545.0,102630.0,0.05,45.0,1.0,0.3
15,900.0,7900.0,7900.0,51350.0,15405.0,15000.0,15000.0,400.0,5545.0,108175.0,0.05,45.0,1.0,0.3
16,900.0,7900.0,7900.0,51350.0,15405.0,15000.0,15000.0,400.0,5545.0,113720.0,0.05,45.0,1.0,0.3
17,900.0,7900.0,7900.0,51350.0,15405.0,15000.0,15000.0,400.0,5545.0,119265.0,0.05,45.0,1.0,0.3
18,900.0,7900.0,7900.0,51350.0,15405.0,15000.0,15000.0,400.0,5545.0,124810.0,0.05,45.0,1.0,0.3
19,900.0,7900.0,7900.0,51350.0,15405.0,15000.0,15000.0,400.0,5545.0,130355.0,0.05,45.0,1.0,0.3
20,900.0,7900.0,7900.0,51350.0,15405.0,15000.0,15000.0,400.0,5545.0,135900.0,0.05,45.0,1.0,0.3
21,900.0,7900.0,7900.0,51350.0,15405.0,15000.0,15000.0,400.0,5545.0,141445.0,0.05,45.0,1.0,0.3
22,900.0,7900.0,7900.0,51350.0,15405.0,15000.0,15000.0,400.0,5545.0,146990.0,0.05,45.0,1.0,0.3
23,900.0,7900.0,7900.0,51350.0,15405.0,15000.0,15000.0,400.0,5545.0,152535.0,0.05,45.0,1.0,0.3
24,900.0,7900.0,7900.0,51350.0,15405.0,15000.0,15000.0,400.0,5545.0,158080.0,0.05,45.0,1.0,0.3
